Source,Headline,Link,Category,Time
Hindu Business Line,"Reliance Jio continues to outperform on active subscriber additions, bodes well for sector tariff outlook: Jefferies",https://www.thehindubusinessline.com/companies/reliance-jio-continues-to-outperform-on-active-subscriber-additions-bodes-well-for-sector-tariff-outlook-jefferies/article69767368.ece,Companies,"12:13 | Jul 03, 2025"
Hindu Business Line,Godrej Industries will invest ₹750 crore on capacity expansion of chemicals business,https://www.thehindubusinessline.com/companies/godrej-industries-will-invest-750-crore-on-capacity-expansion-of-chemicals-business/article69767309.ece,Companies,"11:50 | Jul 03, 2025"
Hindu Business Line,"Nifty rejig: IndiGo & Max Healthcare likely to be added in Sept 2025 rebalancing, BSE ruled out",https://www.thehindubusinessline.com/markets/nifty-rejig-indigo-max-healthcare-likely-to-be-added-in-sept-2025-rebalancing-bse-ruled-out/article69767189.ece,Markets,"11:31 | Jul 03, 2025"
Hindu Business Line,India’s services PMI jumps to 10-month high of 60.4 in June,https://www.thehindubusinessline.com/economy/services-pmi-jumps-to-10-month-high-of-604-in-june/article69767191.ece,Economy,"11:09 | Jul 03, 2025"
Hindu Business Line,"Alembic acquires Utility Therapeutics for $12 million, strengthens US presence",https://www.thehindubusinessline.com/companies/alembic-acquires-utility-therapeutics-for-12-mn/article69767144.ece,Companies,"10:56 | Jul 03, 2025"
Hindu Business Line,"Avenue Supermarts (DMart) shares fall 4% on Q1 business update, Macquarie retains underperform rating",https://www.thehindubusinessline.com/markets/stock-markets/avenue-supermarts-dmart-shares-fall-4-on-q1-business-update-macquarie-retains-underperform-rating/article69767084.ece,Stocks,"10:45 | Jul 03, 2025"
Hindu Business Line,"India’s manufacturing rally loses steam on margin, growth woes",https://www.thehindubusinessline.com/economy/indias-manufacturing-rally-loses-steam-on-margin-growth-woes/article69767066.ece,Economy,"10:44 | Jul 03, 2025"
Hindu Business Line,RBI advises banks to integrate DoT's financial fraud technology,https://www.thehindubusinessline.com/money-and-banking/rbi-advises-banks-to-integrate-dots-financial-fraud-technology/article69767062.ece,Money & Banking,"10:36 | Jul 03, 2025"
Hindu Business Line,"India warming to larger private credit deals, Cerberus Says",https://www.thehindubusinessline.com/money-and-banking/india-warming-to-larger-private-credit-deals-cerberus-says/article69767015.ece,Money & Banking,"10:22 | Jul 03, 2025"
Hindu Business Line,Crude oil futures decline as US inventories increase,https://www.thehindubusinessline.com/markets/commodities/crude-oil-futures-decline-as-us-inventories-increase/article69767021.ece,Commodities,"10:16 | Jul 03, 2025"
Hindu Business Line,Markets open mixed as trade deal hopes counter FII selling pressure,https://www.thehindubusinessline.com/markets/stock-markets/markets-open-mixed-as-trade-deal-hopes-counter-fii-selling-pressure/article69766988.ece,Stocks,"10:11 | Jul 03, 2025"
Hindu Business Line,Tata looks to buy out partners in Resurgent Power,https://www.thehindubusinessline.com/companies/tata-is-said-to-be-in-talks-to-buy-out-investors-in-resurgent/article69766994.ece,Companies,"10:09 | Jul 03, 2025"
Hindu Business Line,India’s E-Commerce stocks outrun Chinese peers on profit hopes,https://www.thehindubusinessline.com/markets/indias-e-commerce-stocks-outrun-chinese-peers-on-profit-hopes/article69766973.ece,Markets,"10:00 | Jul 03, 2025"
Hindu Business Line,"US-Vietnam trade deal offers cautionary lessons for India, says GTRI Report",https://www.thehindubusinessline.com/economy/us-vietnam-trade-deal-offers-cautionary-lessons-for-india-says-gtri-report/article69766932.ece,Economy,"09:06 | Jul 03, 2025"
Hindu Business Line,"India bond yields seen consolidating ahead of debt supply, US data",https://www.thehindubusinessline.com/markets/india-bond-yields-seen-consolidating-ahead-of-debt-supply-us-data/article69766916.ece,Markets,"08:54 | Jul 03, 2025"
Hindu Business Line,"Equities cannot beat the bond market consistently for a long period of time: Mervyn Shanmugam, Sanlam Investments Group",https://www.thehindubusinessline.com/companies/equities-cannot-beat-the-bond-market-consistently-for-a-long-period-of-time-mervyn-shanmugam-sanlam-investments-group/article69759554.ece,Companies,"08:51 | Jul 03, 2025"
Hindu Business Line,"Nifty, Sensex to remain weak at open",https://www.thehindubusinessline.com/markets/nifty-sensex-to-remain-weak-at-open/article69766886.ece,Markets,"08:25 | Jul 03, 2025"
Hindu Business Line,Indogulf Cropsciences to list today,https://www.thehindubusinessline.com/markets/indogulf-cropsciences-to-list-today/article69766838.ece,Markets,"07:53 | Jul 03, 2025"
Hindu Business Line,Why these 12 stocks will remain in focus in today’s trade,https://www.thehindubusinessline.com/markets/why-these-12-stocks-will-remain-in-focus-in-todays-trade/article69766834.ece,Markets,"07:39 | Jul 03, 2025"
Hindu Business Line,"Stock Market Live Updates 3 July 2025: Sensex, Nifty edge up in early trade",https://www.thehindubusinessline.com/markets/share-market-nifty-sensex-live-updates-3-july-2025/article69724363.ece,Markets,"06:39 | Jul 03, 2025"
